<linker>
  <assembly fullname="Assembly-CSharp, Version=0.0.0.0, Culture=neutral, PublicKeyToken=null">
    <type fullname="CustomShadowCaster" preserve="all" />
    <type fullname="DecorationPrefab" preserve="all" />
    <type fullname="DecorationScene" preserve="all" />
    <type fullname="FloorTextureUtil" preserve="all" />
    <type fullname="ShadowCapture" preserve="all" />
    <type fullname="TransformRandomizer" preserve="all" />
    <type fullname="WorldPalette" preserve="all" />
    <type fullname="DecorationObject" preserve="nothing" serialized="true" />
    <type fullname="DecorationPass" preserve="nothing" serialized="true" />
    <type fullname="Palette_ColorChannels" preserve="nothing" serialized="true" />
    <type fullname="Palette_LevelSelect" preserve="nothing" serialized="true" />
    <type fullname="Palette_SelectionMarker" preserve="nothing" serialized="true" />
    <type fullname="RiverSettings" preserve="nothing" serialized="true" />
  </assembly>
  <assembly fullname="Unity.Addressables, Version=0.0.0.0, Culture=neutral, PublicKeyToken=null" preserve="all">
    <type fullname="UnityEngine.AddressableAssets.Addressables" preserve="all" />
  </assembly>
  <assembly fullname="Unity.Postprocessing.Runtime, Version=0.0.0.0, Culture=neutral, PublicKeyToken=null">
    <type fullname="UnityEngine.Rendering.PostProcessing.Bloom" preserve="all" />
    <type fullname="UnityEngine.Rendering.PostProcessing.ColorGrading" preserve="all" />
    <type fullname="UnityEngine.Rendering.PostProcessing.PostProcessProfile" preserve="all" />
    <type fullname="UnityEngine.Rendering.PostProcessing.StaticGrainPostEffect" preserve="all" />
    <type fullname="UnityEngine.Rendering.PostProcessing.BoolParameter" preserve="nothing" serialized="true" />
    <type fullname="UnityEngine.Rendering.PostProcessing.ColorParameter" preserve="nothing" serialized="true" />
    <type fullname="UnityEngine.Rendering.PostProcessing.FloatParameter" preserve="nothing" serialized="true" />
    <type fullname="UnityEngine.Rendering.PostProcessing.GradingModeParameter" preserve="nothing" serialized="true" />
    <type fullname="UnityEngine.Rendering.PostProcessing.Spline" preserve="nothing" serialized="true" />
    <type fullname="UnityEngine.Rendering.PostProcessing.SplineParameter" preserve="nothing" serialized="true" />
    <type fullname="UnityEngine.Rendering.PostProcessing.TextureParameter" preserve="nothing" serialized="true" />
    <type fullname="UnityEngine.Rendering.PostProcessing.TonemapperParameter" preserve="nothing" serialized="true" />
    <type fullname="UnityEngine.Rendering.PostProcessing.Vector4Parameter" preserve="nothing" serialized="true" />
  </assembly>
  <assembly fullname="Unity.ResourceManager, Version=0.0.0.0, Culture=neutral, PublicKeyToken=null" preserve="all">
    <type fullname="UnityEngine.ResourceManagement.ResourceProviders.AssetBundleProvider" preserve="all" />
    <type fullname="UnityEngine.ResourceManagement.ResourceProviders.BundledAssetProvider" preserve="all" />
    <type fullname="UnityEngine.ResourceManagement.ResourceProviders.InstanceProvider" preserve="all" />
    <type fullname="UnityEngine.ResourceManagement.ResourceProviders.LegacyResourcesProvider" preserve="all" />
    <type fullname="UnityEngine.ResourceManagement.ResourceProviders.SceneProvider" preserve="all" />
  </assembly>
  <assembly fullname="UnityEngine.CoreModule, Version=0.0.0.0, Culture=neutral, PublicKeyToken=null">
    <type fullname="UnityEngine.Camera" preserve="all" />
    <type fullname="UnityEngine.GameObject" preserve="all" />
    <type fullname="UnityEngine.Light" preserve="all" />
    <type fullname="UnityEngine.LineRenderer" preserve="all" />
    <type fullname="UnityEngine.Material" preserve="all" />
    <type fullname="UnityEngine.Mesh" preserve="all" />
    <type fullname="UnityEngine.MeshFilter" preserve="all" />
    <type fullname="UnityEngine.MeshRenderer" preserve="all" />
    <type fullname="UnityEngine.Object" preserve="all" />
    <type fullname="UnityEngine.Shader" preserve="all" />
    <type fullname="UnityEngine.Texture2D" preserve="all" />
    <type fullname="UnityEngine.Transform" preserve="all" />
  </assembly>
  <assembly fullname="UnityEngine.PhysicsModule, Version=0.0.0.0, Culture=neutral, PublicKeyToken=null">
    <type fullname="UnityEngine.MeshCollider" preserve="all" />
  </assembly>
</linker>